{"_runtime": 8, "_timestamp": 1633400230, "_step": 1, "val_logits": {"_type": "histogram", "values": [1, 0, 0, 1, 1, 1, 0, 0, 1, 1, 2, 0, 0, 0, 1, 0, 2, 3, 1, 0, 3, 1, 0, 2, 1, 3, 1, 2, 2, 2, 3, 1, 0, 1, 1, 3, 1, 0, 0, 2, 1, 1, 0, 0, 0, 0, 0, 0, 1, 1, 1, 0, 0, 0, 0, 0, 0, 0, 0, 0, 0, 0, 0, 1], "bins": [0.412109375, 0.416748046875, 0.421630859375, 0.42626953125, 0.430908203125, 0.435791015625, 0.4404296875, 0.445068359375, 0.449951171875, 0.45458984375, 0.459228515625, 0.464111328125, 0.46875, 0.473388671875, 0.478271484375, 0.48291015625, 0.48779296875, 0.492431640625, 0.4970703125, 0.501953125, 0.50634765625, 0.51123046875, 0.51611328125, 0.5205078125, 0.525390625, 0.5302734375, 0.53466796875, 0.53955078125, 0.54443359375, 0.548828125, 0.5537109375, 0.55859375, 0.5634765625, 0.56787109375, 0.57275390625, 0.57763671875, 0.58203125, 0.5869140625, 0.591796875, 0.59619140625, 0.60107421875, 0.60595703125, 0.6103515625, 0.615234375, 0.6201171875, 0.62451171875, 0.62939453125, 0.63427734375, 0.638671875, 0.6435546875, 0.6484375, 0.65283203125, 0.65771484375, 0.66259765625, 0.6669921875, 0.671875, 0.6767578125, 0.68115234375, 0.68603515625, 0.69091796875, 0.6953125, 0.7001953125, 0.705078125, 0.70947265625, 0.71435546875]}, "global_step": 0, "_wandb": {"runtime": 10}}