{"_runtime": 10, "_timestamp": 1633539284, "_step": 1, "val_logits": {"_type": "histogram", "values": [1, 0, 0, 0, 0, 0, 0, 0, 0, 0, 0, 0, 0, 1, 0, 0, 0, 1, 1, 0, 0, 0, 0, 1, 1, 1, 0, 1, 1, 0, 1, 3, 2, 0, 2, 1, 2, 0, 0, 0, 0, 1, 0, 0, 1, 0, 0, 2, 1, 0, 0, 0, 2, 0, 0, 0, 1, 0, 0, 1, 0, 0, 1, 2], "bins": [0.455078125, 0.4560546875, 0.45703125, 0.458251953125, 0.459228515625, 0.460205078125, 0.461181640625, 0.46240234375, 0.46337890625, 0.46435546875, 0.46533203125, 0.46630859375, 0.467529296875, 0.468505859375, 0.469482421875, 0.470458984375, 0.4716796875, 0.47265625, 0.4736328125, 0.474609375, 0.4755859375, 0.476806640625, 0.477783203125, 0.478759765625, 0.479736328125, 0.480712890625, 0.48193359375, 0.48291015625, 0.48388671875, 0.48486328125, 0.486083984375, 0.487060546875, 0.488037109375, 0.489013671875, 0.489990234375, 0.4912109375, 0.4921875, 0.4931640625, 0.494140625, 0.495361328125, 0.496337890625, 0.497314453125, 0.498291015625, 0.499267578125, 0.50048828125, 0.50146484375, 0.50244140625, 0.50341796875, 0.50439453125, 0.50537109375, 0.50634765625, 0.5078125, 0.5087890625, 0.509765625, 0.5107421875, 0.51171875, 0.5126953125, 0.513671875, 0.5146484375, 0.515625, 0.51708984375, 0.51806640625, 0.51904296875, 0.52001953125, 0.52099609375]}, "global_step": 0, "_wandb": {"runtime": 12}}