{"_runtime": 11, "_timestamp": 1633231286, "_step": 1, "val_logits": {"_type": "histogram", "values": [1, 0, 1, 0, 0, 0, 0, 0, 0, 0, 0, 1, 1, 1, 0, 1, 4, 2, 0, 4, 2, 0, 4, 1, 3, 2, 1, 7, 3, 5, 10, 2, 4, 3, 3, 6, 1, 3, 4, 5, 3, 5, 3, 3, 3, 2, 2, 2, 3, 0, 3, 1, 2, 4, 0, 2, 1, 0, 0, 3, 0, 0, 0, 1], "bins": [0.25341796875, 0.2587890625, 0.264404296875, 0.269775390625, 0.275146484375, 0.28076171875, 0.2861328125, 0.29150390625, 0.297119140625, 0.302490234375, 0.307861328125, 0.3134765625, 0.31884765625, 0.32421875, 0.329833984375, 0.335205078125, 0.3408203125, 0.34619140625, 0.3515625, 0.357177734375, 0.362548828125, 0.367919921875, 0.37353515625, 0.37890625, 0.38427734375, 0.389892578125, 0.395263671875, 0.400634765625, 0.40625, 0.41162109375, 0.4169921875, 0.422607421875, 0.427978515625, 0.433349609375, 0.43896484375, 0.4443359375, 0.44970703125, 0.455322265625, 0.460693359375, 0.466064453125, 0.4716796875, 0.47705078125, 0.482421875, 0.488037109375, 0.493408203125, 0.498779296875, 0.50439453125, 0.509765625, 0.51513671875, 0.5205078125, 0.5263671875, 0.53173828125, 0.537109375, 0.54248046875, 0.5478515625, 0.55322265625, 0.55908203125, 0.564453125, 0.56982421875, 0.5751953125, 0.58056640625, 0.5859375, 0.591796875, 0.59716796875, 0.6025390625]}, "global_step": 0, "_wandb": {"runtime": 13}}