{"_runtime": 13, "_timestamp": 1633224109, "_step": 1, "val_logits": {"_type": "histogram", "values": [1, 0, 1, 0, 0, 0, 0, 0, 1, 2, 0, 0, 2, 4, 1, 1, 2, 1, 1, 3, 2, 4, 5, 2, 2, 2, 5, 4, 2, 4, 4, 5, 3, 11, 5, 9, 3, 10, 6, 5, 4, 10, 6, 6, 6, 5, 2, 7, 5, 7, 5, 4, 4, 2, 1, 2, 2, 0, 3, 2, 1, 1, 0, 2], "bins": [0.3984375, 0.400634765625, 0.40283203125, 0.405029296875, 0.4072265625, 0.409423828125, 0.41162109375, 0.413818359375, 0.416015625, 0.418212890625, 0.42041015625, 0.422607421875, 0.4248046875, 0.427001953125, 0.42919921875, 0.431396484375, 0.43359375, 0.43603515625, 0.438232421875, 0.4404296875, 0.442626953125, 0.44482421875, 0.447021484375, 0.44921875, 0.451416015625, 0.45361328125, 0.455810546875, 0.4580078125, 0.460205078125, 0.46240234375, 0.464599609375, 0.466796875, 0.468994140625, 0.47119140625, 0.473388671875, 0.4755859375, 0.477783203125, 0.47998046875, 0.482177734375, 0.484375, 0.486572265625, 0.48876953125, 0.490966796875, 0.4931640625, 0.495361328125, 0.49755859375, 0.499755859375, 0.501953125, 0.50439453125, 0.50634765625, 0.5087890625, 0.5107421875, 0.51318359375, 0.51513671875, 0.517578125, 0.51953125, 0.52197265625, 0.52392578125, 0.5263671875, 0.5283203125, 0.53076171875, 0.53271484375, 0.53515625, 0.537109375, 0.53955078125]}, "global_step": 0, "_wandb": {"runtime": 16}}