{"_runtime": 9, "_timestamp": 1633750877, "_step": 1, "val_logits": {"_type": "histogram", "values": [1, 0, 0, 0, 0, 0, 0, 0, 0, 0, 0, 0, 0, 0, 0, 0, 0, 0, 0, 0, 0, 0, 1, 0, 0, 0, 0, 0, 1, 0, 0, 0, 0, 0, 0, 0, 0, 0, 0, 0, 0, 0, 0, 0, 0, 0, 0, 0, 0, 0, 0, 0, 0, 0, 0, 0, 0, 0, 0, 0, 0, 0, 0, 1], "bins": [0.4404296875, 0.44189453125, 0.443603515625, 0.445068359375, 0.44677734375, 0.4482421875, 0.44970703125, 0.451416015625, 0.452880859375, 0.454345703125, 0.4560546875, 0.45751953125, 0.458984375, 0.460693359375, 0.462158203125, 0.4638671875, 0.46533203125, 0.466796875, 0.468505859375, 0.469970703125, 0.4716796875, 0.47314453125, 0.474609375, 0.476318359375, 0.477783203125, 0.479248046875, 0.48095703125, 0.482421875, 0.48388671875, 0.485595703125, 0.487060546875, 0.48876953125, 0.490234375, 0.49169921875, 0.493408203125, 0.494873046875, 0.49658203125, 0.498046875, 0.49951171875, 0.5009765625, 0.5029296875, 0.50439453125, 0.505859375, 0.50732421875, 0.5087890625, 0.51025390625, 0.51220703125, 0.513671875, 0.51513671875, 0.5166015625, 0.51806640625, 0.52001953125, 0.521484375, 0.52294921875, 0.5244140625, 0.52587890625, 0.52734375, 0.529296875, 0.53076171875, 0.5322265625, 0.53369140625, 0.53515625, 0.537109375, 0.53857421875, 0.5400390625]}, "global_step": 0, "_wandb": {"runtime": 14}}