{"_runtime": 9, "_timestamp": 1633751887, "_step": 1, "val_logits": {"_type": "histogram", "values": [1, 0, 0, 0, 0, 0, 0, 0, 0, 0, 1, 0, 0, 0, 0, 0, 0, 0, 0, 0, 0, 0, 0, 1, 0, 0, 0, 1, 0, 0, 0, 0, 0, 0, 1, 0, 0, 0, 0, 0, 0, 0, 0, 0, 0, 0, 0, 0, 0, 0, 1, 0, 0, 0, 0, 0, 0, 0, 0, 0, 0, 0, 1, 1], "bins": [0.3505859375, 0.354248046875, 0.357666015625, 0.361328125, 0.364990234375, 0.368408203125, 0.3720703125, 0.375732421875, 0.37939453125, 0.3828125, 0.386474609375, 0.39013671875, 0.3935546875, 0.397216796875, 0.40087890625, 0.404296875, 0.407958984375, 0.41162109375, 0.4150390625, 0.418701171875, 0.42236328125, 0.42578125, 0.429443359375, 0.43310546875, 0.4365234375, 0.440185546875, 0.44384765625, 0.447509765625, 0.450927734375, 0.45458984375, 0.458251953125, 0.461669921875, 0.46533203125, 0.468994140625, 0.472412109375, 0.47607421875, 0.479736328125, 0.483154296875, 0.48681640625, 0.490478515625, 0.494140625, 0.49755859375, 0.5009765625, 0.5048828125, 0.50830078125, 0.51171875, 0.515625, 0.51904296875, 0.5224609375, 0.5263671875, 0.52978515625, 0.53369140625, 0.537109375, 0.54052734375, 0.54443359375, 0.5478515625, 0.55126953125, 0.55517578125, 0.55859375, 0.56201171875, 0.56591796875, 0.5693359375, 0.57275390625, 0.57666015625, 0.580078125]}, "global_step": 0, "_wandb": {"runtime": 18}}