{"_runtime": 9, "_timestamp": 1633214363, "_step": 1, "val_logits": {"_type": "histogram", "values": [1, 0, 0, 0, 0, 0, 1, 0, 1, 2, 0, 1, 2, 0, 2, 0, 2, 1, 2, 2, 4, 3, 6, 4, 2, 5, 6, 8, 4, 11, 13, 10, 8, 4, 14, 11, 6, 8, 16, 9, 9, 9, 12, 6, 5, 5, 3, 4, 4, 2, 6, 4, 1, 3, 2, 1, 1, 2, 1, 1, 1, 2, 2, 1], "bins": [0.412353515625, 0.4169921875, 0.421875, 0.426513671875, 0.43115234375, 0.435791015625, 0.440673828125, 0.4453125, 0.449951171875, 0.454833984375, 0.45947265625, 0.464111328125, 0.468994140625, 0.4736328125, 0.478271484375, 0.48291015625, 0.48779296875, 0.492431640625, 0.4970703125, 0.501953125, 0.50634765625, 0.51123046875, 0.51611328125, 0.5205078125, 0.525390625, 0.5302734375, 0.53466796875, 0.53955078125, 0.54443359375, 0.548828125, 0.5537109375, 0.55859375, 0.56298828125, 0.56787109375, 0.57275390625, 0.5771484375, 0.58203125, 0.58642578125, 0.59130859375, 0.59619140625, 0.6005859375, 0.60546875, 0.6103515625, 0.61474609375, 0.61962890625, 0.62451171875, 0.62890625, 0.6337890625, 0.638671875, 0.64306640625, 0.64794921875, 0.65283203125, 0.6572265625, 0.662109375, 0.6669921875, 0.67138671875, 0.67626953125, 0.6806640625, 0.685546875, 0.6904296875, 0.69482421875, 0.69970703125, 0.70458984375, 0.708984375, 0.7138671875]}, "global_step": 0, "best_bce_loss": 0.7517824172973633, "best_rmse_loss": 27.965896606445312}