{"_runtime": 8, "_timestamp": 1633205631, "_step": 1, "val_logits": {"_type": "histogram", "values": [3, 0, 0, 0, 0, 0, 0, 0, 0, 0, 0, 3, 0, 0, 0, 1, 1, 0, 2, 0, 2, 0, 0, 0, 0, 0, 1, 3, 1, 0, 1, 1, 2, 1, 1, 1, 4, 3, 1, 0, 4, 3, 5, 4, 3, 5, 4, 7, 6, 4, 3, 6, 6, 4, 10, 10, 12, 20, 18, 19, 16, 16, 19, 20], "bins": [0.3037109375, 0.314453125, 0.325439453125, 0.336181640625, 0.34716796875, 0.35791015625, 0.36865234375, 0.379638671875, 0.390380859375, 0.401123046875, 0.412109375, 0.4228515625, 0.43359375, 0.444580078125, 0.455322265625, 0.46630859375, 0.47705078125, 0.48779296875, 0.498779296875, 0.509765625, 0.5205078125, 0.53125, 0.5419921875, 0.552734375, 0.5634765625, 0.57470703125, 0.58544921875, 0.59619140625, 0.60693359375, 0.61767578125, 0.62890625, 0.6396484375, 0.650390625, 0.6611328125, 0.671875, 0.68310546875, 0.69384765625, 0.70458984375, 0.71533203125, 0.72607421875, 0.7373046875, 0.748046875, 0.7587890625, 0.76953125, 0.7802734375, 0.791015625, 0.80224609375, 0.81298828125, 0.82373046875, 0.83447265625, 0.84521484375, 0.8564453125, 0.8671875, 0.8779296875, 0.888671875, 0.8994140625, 0.91015625, 0.92138671875, 0.93212890625, 0.94287109375, 0.95361328125, 0.96435546875, 0.9755859375, 0.986328125, 0.9970703125]}, "global_step": 0, "best_bce_loss": 2.525993824005127}