{"_runtime": 9, "_timestamp": 1633736703, "_step": 1, "val_logits": {"_type": "histogram", "values": [1, 0, 1, 0, 0, 0, 0, 0, 0, 0, 0, 0, 1, 0, 0, 0, 0, 0, 0, 0, 0, 0, 0, 0, 1, 0, 0, 0, 0, 0, 0, 0, 2, 0, 0, 1, 0, 0, 0, 0, 0, 0, 0, 0, 0, 1, 0, 0, 0, 0, 0, 0, 1, 0, 0, 0, 0, 0, 0, 0, 1, 0, 1, 1], "bins": [0.255615234375, 0.265380859375, 0.275146484375, 0.28466796875, 0.29443359375, 0.30419921875, 0.31396484375, 0.323486328125, 0.333251953125, 0.343017578125, 0.352783203125, 0.3623046875, 0.3720703125, 0.3818359375, 0.3916015625, 0.401123046875, 0.410888671875, 0.420654296875, 0.430419921875, 0.440185546875, 0.44970703125, 0.45947265625, 0.46923828125, 0.47900390625, 0.488525390625, 0.498291015625, 0.5078125, 0.517578125, 0.52734375, 0.537109375, 0.546875, 0.556640625, 0.56640625, 0.576171875, 0.5859375, 0.59521484375, 0.60498046875, 0.61474609375, 0.62451171875, 0.63427734375, 0.64404296875, 0.65380859375, 0.66357421875, 0.6728515625, 0.6826171875, 0.6923828125, 0.7021484375, 0.7119140625, 0.7216796875, 0.7314453125, 0.7412109375, 0.7509765625, 0.76025390625, 0.77001953125, 0.77978515625, 0.78955078125, 0.79931640625, 0.80908203125, 0.81884765625, 0.82861328125, 0.837890625, 0.84765625, 0.857421875, 0.8671875, 0.876953125]}, "global_step": 0, "_wandb": {"runtime": 14}}