{"_runtime": 43, "_timestamp": 1633206870, "_step": 6, "val_logits": {"_type": "histogram", "values": [1764, 83, 37, 19, 21, 10, 8, 5, 2, 5, 3, 1, 2, 2, 0, 2, 0, 3, 1, 0, 0, 1, 1, 0, 0, 1, 3, 0, 0, 0, 1, 1, 0, 0, 1, 0, 0, 0, 0, 1, 0, 0, 0, 0, 0, 0, 0, 0, 1, 2, 0, 0, 0, 0, 0, 0, 0, 0, 0, 1, 0, 0, 0, 1], "bins": [0.0, 0.00016450881958007812, 0.00032901763916015625, 0.0004935264587402344, 0.0006580352783203125, 0.0008225440979003906, 0.0009870529174804688, 0.00115203857421875, 0.001316070556640625, 0.0014801025390625, 0.0016450881958007812, 0.0018100738525390625, 0.0019741058349609375, 0.0021381378173828125, 0.0023040771484375, 0.002468109130859375, 0.00263214111328125, 0.002796173095703125, 0.002960205078125, 0.0031261444091796875, 0.0032901763916015625, 0.0034542083740234375, 0.003620147705078125, 0.0037841796875, 0.003948211669921875, 0.00411224365234375, 0.004276275634765625, 0.0044403076171875, 0.004608154296875, 0.004772186279296875, 0.00493621826171875, 0.005100250244140625, 0.0052642822265625, 0.005428314208984375, 0.00559234619140625, 0.005756378173828125, 0.00592041015625, 0.0060882568359375, 0.006252288818359375, 0.00641632080078125, 0.006580352783203125, 0.006744384765625, 0.006908416748046875, 0.00707244873046875, 0.00724029541015625, 0.007404327392578125, 0.007568359375, 0.007732391357421875, 0.00789642333984375, 0.00806427001953125, 0.0082244873046875, 0.008392333984375, 0.00855255126953125, 0.00872039794921875, 0.008880615234375, 0.0090484619140625, 0.00921630859375, 0.00937652587890625, 0.00954437255859375, 0.00970458984375, 0.0098724365234375, 0.01003265380859375, 0.01020050048828125, 0.0103607177734375, 0.010528564453125]}, "global_step": 61, "train_loss_step": 0.6690605878829956, "epoch": 0, "trainer/global_step": 61, "train_loss_epoch": 0.6723381280899048, "val_bce_loss": 4.849211692810059, "val_rmse_loss": 43.08544921875, "best_bce_loss": 2.2973456382751465, "best_rmse_loss": 43.45536804199219}