{"_runtime": 11, "_timestamp": 1633752248, "_step": 1, "val_logits": {"_type": "histogram", "values": [0, 1, 0, 0, 0, 0, 0, 0, 0, 0, 0, 0, 0, 0, 0, 0, 0, 0, 0, 0, 0, 0, 0, 0, 0, 0, 1, 0, 0, 0, 1, 0, 0, 0, 0, 0, 0, 0, 0, 1, 0, 0, 0, 0, 0, 0, 0, 0, 0, 0, 0, 0, 0, 0, 0, 0, 1, 0, 0, 0, 2, 0, 0, 1], "bins": [0.4990234375, 0.4990234375, 0.499267578125, 0.499267578125, 0.49951171875, 0.49951171875, 0.499755859375, 0.499755859375, 0.5, 0.5, 0.5, 0.50048828125, 0.50048828125, 0.50048828125, 0.50048828125, 0.5009765625, 0.5009765625, 0.5009765625, 0.5009765625, 0.5009765625, 0.50146484375, 0.50146484375, 0.50146484375, 0.50146484375, 0.501953125, 0.501953125, 0.501953125, 0.501953125, 0.50244140625, 0.50244140625, 0.50244140625, 0.50244140625, 0.5029296875, 0.5029296875, 0.5029296875, 0.5029296875, 0.5029296875, 0.50341796875, 0.50341796875, 0.50341796875, 0.50341796875, 0.50390625, 0.50390625, 0.50390625, 0.50390625, 0.50439453125, 0.50439453125, 0.50439453125, 0.50439453125, 0.50439453125, 0.5048828125, 0.5048828125, 0.5048828125, 0.5048828125, 0.50537109375, 0.50537109375, 0.50537109375, 0.50537109375, 0.505859375, 0.505859375, 0.505859375, 0.505859375, 0.50634765625, 0.50634765625, 0.50634765625]}, "global_step": 0}