{"_runtime": 7, "_timestamp": 1633545247, "_step": 1, "val_logits": {"_type": "histogram", "values": [1, 0, 1, 0, 0, 1, 0, 0, 0, 0, 0, 0, 0, 1, 0, 0, 1, 0, 0, 2, 1, 0, 0, 0, 0, 0, 1, 1, 0, 0, 2, 0, 0, 0, 0, 0, 0, 0, 0, 0, 1, 0, 0, 0, 0, 0, 0, 0, 0, 0, 1, 0, 0, 1, 0, 0, 0, 0, 0, 0, 0, 0, 0, 1], "bins": [0.435302734375, 0.437744140625, 0.440185546875, 0.44287109375, 0.4453125, 0.44775390625, 0.4501953125, 0.45263671875, 0.455078125, 0.457763671875, 0.460205078125, 0.462646484375, 0.465087890625, 0.467529296875, 0.469970703125, 0.47265625, 0.47509765625, 0.4775390625, 0.47998046875, 0.482421875, 0.48486328125, 0.487548828125, 0.489990234375, 0.492431640625, 0.494873046875, 0.497314453125, 0.499755859375, 0.50244140625, 0.5048828125, 0.50732421875, 0.509765625, 0.51220703125, 0.5146484375, 0.51708984375, 0.51953125, 0.5224609375, 0.52490234375, 0.52734375, 0.52978515625, 0.5322265625, 0.53466796875, 0.537109375, 0.53955078125, 0.5419921875, 0.54443359375, 0.546875, 0.54931640625, 0.55224609375, 0.5546875, 0.55712890625, 0.5595703125, 0.56201171875, 0.564453125, 0.56689453125, 0.5693359375, 0.57177734375, 0.57421875, 0.57666015625, 0.5791015625, 0.58203125, 0.58447265625, 0.5869140625, 0.58935546875, 0.591796875, 0.59423828125]}, "global_step": 0, "_wandb": {"runtime": 9}}