{"_runtime": 10, "_timestamp": 1633750844, "_step": 1, "val_logits": {"_type": "histogram", "values": [1, 0, 0, 0, 0, 1, 0, 0, 1, 0, 1, 0, 1, 0, 0, 0, 0, 0, 0, 1, 0, 0, 0, 0, 0, 0, 0, 0, 0, 1, 0, 0, 0, 0, 0, 0, 0, 0, 0, 0, 0, 0, 0, 0, 0, 0, 0, 0, 0, 0, 0, 0, 0, 0, 0, 0, 0, 0, 0, 0, 0, 0, 0, 1], "bins": [0.4404296875, 0.44384765625, 0.447265625, 0.45068359375, 0.4541015625, 0.45751953125, 0.4609375, 0.46435546875, 0.4677734375, 0.471435546875, 0.474853515625, 0.478271484375, 0.481689453125, 0.485107421875, 0.488525390625, 0.491943359375, 0.495361328125, 0.498779296875, 0.50244140625, 0.505859375, 0.50927734375, 0.5126953125, 0.51611328125, 0.51953125, 0.52294921875, 0.5263671875, 0.52978515625, 0.533203125, 0.53662109375, 0.5400390625, 0.54345703125, 0.546875, 0.55029296875, 0.5537109375, 0.55712890625, 0.560546875, 0.56396484375, 0.5673828125, 0.57080078125, 0.57421875, 0.57763671875, 0.5810546875, 0.58447265625, 0.587890625, 0.59130859375, 0.5947265625, 0.59814453125, 0.6015625, 0.60546875, 0.60888671875, 0.6123046875, 0.61572265625, 0.619140625, 0.62255859375, 0.6259765625, 0.62939453125, 0.6328125, 0.63623046875, 0.6396484375, 0.64306640625, 0.646484375, 0.64990234375, 0.6533203125, 0.65673828125, 0.66015625]}, "global_step": 0, "_wandb": {"runtime": 11}}