{"_runtime": 9, "_timestamp": 1633737553, "_step": 1, "val_logits": {"_type": "histogram", "values": [1, 0, 0, 0, 0, 0, 0, 0, 0, 0, 0, 0, 0, 1, 0, 0, 0, 1, 1, 0, 0, 0, 0, 0, 0, 2, 1, 0, 1, 1, 0, 0, 0, 0, 2, 1, 1, 0, 1, 1, 0, 1, 0, 2, 0, 2, 0, 1, 0, 1, 1, 2, 0, 2, 2, 1, 0, 0, 1, 0, 0, 0, 0, 1], "bins": [0.354736328125, 0.36181640625, 0.368896484375, 0.3759765625, 0.383056640625, 0.39013671875, 0.397216796875, 0.404541015625, 0.41162109375, 0.418701171875, 0.42578125, 0.432861328125, 0.43994140625, 0.447021484375, 0.4541015625, 0.461181640625, 0.46826171875, 0.475341796875, 0.482421875, 0.489501953125, 0.496826171875, 0.50390625, 0.5107421875, 0.51806640625, 0.52490234375, 0.5322265625, 0.53955078125, 0.54638671875, 0.5537109375, 0.560546875, 0.56787109375, 0.57470703125, 0.58203125, 0.5888671875, 0.59619140625, 0.60302734375, 0.6103515625, 0.6171875, 0.62451171875, 0.6318359375, 0.638671875, 0.64599609375, 0.65283203125, 0.66015625, 0.6669921875, 0.67431640625, 0.68115234375, 0.6884765625, 0.6953125, 0.70263671875, 0.70947265625, 0.716796875, 0.72412109375, 0.73095703125, 0.73828125, 0.7451171875, 0.75244140625, 0.75927734375, 0.7666015625, 0.7734375, 0.78076171875, 0.78759765625, 0.794921875, 0.8017578125, 0.80908203125]}, "global_step": 0}