{"_runtime": 9, "_timestamp": 1633718711, "_step": 1, "val_logits": {"_type": "histogram", "values": [1, 0, 0, 0, 0, 1, 0, 0, 0, 0, 0, 0, 0, 1, 0, 0, 0, 0, 1, 1, 0, 0, 0, 1, 1, 0, 1, 0, 1, 1, 0, 0, 0, 0, 2, 0, 0, 1, 0, 0, 1, 0, 0, 0, 0, 1, 0, 0, 0, 0, 0, 0, 0, 0, 0, 0, 0, 0, 0, 0, 0, 0, 0, 1], "bins": [0.33349609375, 0.33740234375, 0.341552734375, 0.345458984375, 0.349365234375, 0.353271484375, 0.357421875, 0.361328125, 0.365234375, 0.369384765625, 0.373291015625, 0.377197265625, 0.381103515625, 0.38525390625, 0.38916015625, 0.39306640625, 0.39697265625, 0.401123046875, 0.405029296875, 0.408935546875, 0.4130859375, 0.4169921875, 0.4208984375, 0.4248046875, 0.428955078125, 0.432861328125, 0.436767578125, 0.44091796875, 0.44482421875, 0.44873046875, 0.45263671875, 0.456787109375, 0.460693359375, 0.464599609375, 0.46875, 0.47265625, 0.4765625, 0.48046875, 0.484619140625, 0.488525390625, 0.492431640625, 0.49658203125, 0.50048828125, 0.50439453125, 0.50830078125, 0.51220703125, 0.51611328125, 0.5205078125, 0.5244140625, 0.5283203125, 0.5322265625, 0.5361328125, 0.5400390625, 0.5439453125, 0.54833984375, 0.55224609375, 0.55615234375, 0.56005859375, 0.56396484375, 0.56787109375, 0.57177734375, 0.576171875, 0.580078125, 0.583984375, 0.587890625]}, "global_step": 0, "_wandb": {"runtime": 11}}