{"_runtime": 9, "_timestamp": 1633546750, "_step": 1, "val_logits": {"_type": "histogram", "values": [3, 1, 0, 0, 1, 1, 0, 0, 1, 0, 0, 0, 0, 2, 0, 0, 0, 0, 0, 0, 1, 0, 0, 0, 0, 0, 0, 0, 0, 0, 0, 0, 0, 0, 1, 0, 0, 0, 1, 0, 0, 0, 0, 0, 0, 0, 0, 0, 0, 0, 0, 0, 0, 0, 0, 1, 0, 1, 0, 0, 0, 0, 1, 1], "bins": [0.37451171875, 0.37646484375, 0.37841796875, 0.38037109375, 0.38232421875, 0.38427734375, 0.38623046875, 0.387939453125, 0.389892578125, 0.391845703125, 0.393798828125, 0.395751953125, 0.397705078125, 0.399658203125, 0.401611328125, 0.403564453125, 0.405517578125, 0.407470703125, 0.409423828125, 0.411376953125, 0.4130859375, 0.4150390625, 0.4169921875, 0.4189453125, 0.4208984375, 0.4228515625, 0.4248046875, 0.4267578125, 0.4287109375, 0.4306640625, 0.4326171875, 0.4345703125, 0.4365234375, 0.438232421875, 0.440185546875, 0.442138671875, 0.444091796875, 0.446044921875, 0.447998046875, 0.449951171875, 0.451904296875, 0.453857421875, 0.455810546875, 0.457763671875, 0.459716796875, 0.46142578125, 0.46337890625, 0.46533203125, 0.46728515625, 0.46923828125, 0.47119140625, 0.47314453125, 0.47509765625, 0.47705078125, 0.47900390625, 0.48095703125, 0.48291015625, 0.48486328125, 0.486572265625, 0.488525390625, 0.490478515625, 0.492431640625, 0.494384765625, 0.496337890625, 0.498291015625]}, "global_step": 0}