{"_runtime": 7, "_timestamp": 1633721310, "_step": 1, "val_logits": {"_type": "histogram", "values": [1, 0, 0, 1, 0, 0, 0, 0, 0, 0, 0, 1, 0, 0, 0, 0, 0, 0, 0, 0, 0, 0, 0, 0, 0, 0, 0, 0, 1, 0, 0, 0, 0, 0, 0, 0, 0, 0, 0, 0, 0, 0, 0, 0, 0, 0, 0, 0, 0, 0, 0, 1, 0, 0, 0, 0, 0, 0, 0, 0, 0, 1, 0, 2], "bins": [0.406005859375, 0.40771484375, 0.409423828125, 0.4111328125, 0.412841796875, 0.41455078125, 0.416259765625, 0.41796875, 0.419677734375, 0.42138671875, 0.423095703125, 0.425048828125, 0.4267578125, 0.428466796875, 0.43017578125, 0.431884765625, 0.43359375, 0.435302734375, 0.43701171875, 0.438720703125, 0.4404296875, 0.442138671875, 0.44384765625, 0.445556640625, 0.447265625, 0.448974609375, 0.45068359375, 0.452392578125, 0.4541015625, 0.455810546875, 0.45751953125, 0.459228515625, 0.4609375, 0.462890625, 0.464599609375, 0.46630859375, 0.468017578125, 0.4697265625, 0.471435546875, 0.47314453125, 0.474853515625, 0.4765625, 0.478271484375, 0.47998046875, 0.481689453125, 0.4833984375, 0.485107421875, 0.48681640625, 0.488525390625, 0.490234375, 0.491943359375, 0.49365234375, 0.495361328125, 0.4970703125, 0.4990234375, 0.50048828125, 0.50244140625, 0.50390625, 0.505859375, 0.50732421875, 0.50927734375, 0.5107421875, 0.5126953125, 0.51416015625, 0.51611328125]}, "global_step": 0, "_wandb": {"runtime": 9}}