{"_runtime": 10, "_timestamp": 1633677187, "_step": 1, "val_logits": {"_type": "histogram", "values": [2, 1, 0, 0, 0, 0, 0, 0, 0, 0, 1, 1, 0, 0, 1, 0, 0, 0, 0, 0, 0, 0, 1, 0, 2, 0, 0, 0, 0, 0, 0, 0, 1, 0, 0, 1, 0, 0, 1, 0, 0, 0, 0, 1, 0, 0, 1, 0, 0, 0, 0, 0, 0, 0, 0, 0, 0, 0, 1, 0, 0, 0, 0, 1], "bins": [0.39013671875, 0.3955078125, 0.40087890625, 0.406005859375, 0.411376953125, 0.416748046875, 0.422119140625, 0.427490234375, 0.4326171875, 0.43798828125, 0.443359375, 0.44873046875, 0.4541015625, 0.45947265625, 0.464599609375, 0.469970703125, 0.475341796875, 0.480712890625, 0.486083984375, 0.4912109375, 0.49658203125, 0.501953125, 0.50732421875, 0.5126953125, 0.51806640625, 0.5234375, 0.52880859375, 0.53369140625, 0.5390625, 0.54443359375, 0.5498046875, 0.55517578125, 0.560546875, 0.56591796875, 0.5712890625, 0.57666015625, 0.58203125, 0.58740234375, 0.59228515625, 0.59765625, 0.60302734375, 0.6083984375, 0.61376953125, 0.619140625, 0.62451171875, 0.6298828125, 0.63525390625, 0.640625, 0.6455078125, 0.65087890625, 0.65625, 0.66162109375, 0.6669921875, 0.67236328125, 0.677734375, 0.68310546875, 0.6884765625, 0.69384765625, 0.69921875, 0.7041015625, 0.70947265625, 0.71484375, 0.72021484375, 0.7255859375, 0.73095703125]}, "global_step": 0, "_wandb": {"runtime": 11}}