{"_runtime": 10, "_timestamp": 1633677301, "_step": 1, "val_logits": {"_type": "histogram", "values": [1, 0, 0, 0, 0, 0, 0, 0, 0, 0, 0, 0, 1, 1, 0, 0, 0, 0, 1, 0, 0, 0, 0, 2, 0, 1, 0, 1, 0, 0, 0, 1, 1, 0, 0, 0, 0, 0, 0, 1, 1, 0, 0, 0, 0, 2, 1, 0, 0, 0, 0, 0, 0, 0, 0, 0, 0, 0, 0, 0, 0, 0, 0, 1], "bins": [0.260986328125, 0.267822265625, 0.274658203125, 0.281494140625, 0.288330078125, 0.295166015625, 0.302001953125, 0.30908203125, 0.31591796875, 0.32275390625, 0.32958984375, 0.33642578125, 0.34326171875, 0.35009765625, 0.35693359375, 0.36376953125, 0.37060546875, 0.37744140625, 0.38427734375, 0.39111328125, 0.398193359375, 0.405029296875, 0.411865234375, 0.418701171875, 0.425537109375, 0.432373046875, 0.439208984375, 0.446044921875, 0.452880859375, 0.459716796875, 0.466552734375, 0.473388671875, 0.48046875, 0.4873046875, 0.494140625, 0.5009765625, 0.5078125, 0.5146484375, 0.521484375, 0.5283203125, 0.53515625, 0.5419921875, 0.548828125, 0.5556640625, 0.5625, 0.5693359375, 0.576171875, 0.5830078125, 0.58984375, 0.5966796875, 0.603515625, 0.6103515625, 0.61767578125, 0.62451171875, 0.63134765625, 0.63818359375, 0.64501953125, 0.65185546875, 0.65869140625, 0.66552734375, 0.67236328125, 0.67919921875, 0.68603515625, 0.69287109375, 0.69970703125]}, "global_step": 0, "_wandb": {"runtime": 12}}