{"_runtime": 14, "_timestamp": 1633206977, "_step": 1, "val_logits": {"_type": "histogram", "values": [0, 0, 0, 0, 0, 0, 0, 0, 0, 0, 0, 0, 0, 0, 0, 0, 0, 0, 0, 0, 0, 0, 0, 0, 0, 0, 0, 0, 0, 0, 0, 0, 1, 0, 0, 0, 0, 0, 0, 0, 0, 0, 0, 0, 0, 0, 0, 0, 0, 0, 0, 0, 0, 0, 0, 0, 0, 0, 0, 0, 0, 0, 0, 0], "bins": [-0.489013671875, -0.473388671875, -0.457763671875, -0.442138671875, -0.426513671875, -0.410888671875, -0.395263671875, -0.379638671875, -0.364013671875, -0.348388671875, -0.332763671875, -0.317138671875, -0.301513671875, -0.285888671875, -0.270263671875, -0.254638671875, -0.239013671875, -0.223388671875, -0.207763671875, -0.192138671875, -0.176513671875, -0.160888671875, -0.145263671875, -0.129638671875, -0.11407470703125, -0.09844970703125, -0.08282470703125, -0.06719970703125, -0.051544189453125, -0.035919189453125, -0.020294189453125, -0.00467681884765625, 0.01094818115234375, 0.026580810546875, 0.042205810546875, 0.057830810546875, 0.07342529296875, 0.08905029296875, 0.10467529296875, 0.12030029296875, 0.135986328125, 0.151611328125, 0.167236328125, 0.182861328125, 0.198486328125, 0.214111328125, 0.229736328125, 0.245361328125, 0.260986328125, 0.276611328125, 0.292236328125, 0.307861328125, 0.323486328125, 0.339111328125, 0.354736328125, 0.370361328125, 0.385986328125, 0.401611328125, 0.417236328125, 0.432861328125, 0.448486328125, 0.464111328125, 0.479736328125, 0.495361328125, 0.5107421875]}, "global_step": 0, "_wandb": {"runtime": 21}}