{"_runtime": 33, "_timestamp": 1633205441, "_step": 2, "val_logits": {"_type": "histogram", "values": [349, 48, 31, 17, 8, 5, 7, 10, 3, 5, 4, 3, 3, 1, 2, 1, 0, 1, 0, 1, 3, 0, 1, 0, 0, 1, 0, 0, 0, 0, 0, 0, 1, 0, 0, 0, 0, 2, 0, 0, 0, 0, 1, 0, 0, 0, 0, 1, 0, 0, 0, 0, 0, 0, 0, 0, 0, 0, 0, 0, 0, 0, 1, 2], "bins": [7.748603820800781e-06, 0.00768280029296875, 0.01535797119140625, 0.0230255126953125, 0.03070068359375, 0.03839111328125, 0.046051025390625, 0.053741455078125, 0.0614013671875, 0.069091796875, 0.0767822265625, 0.08441162109375, 0.09210205078125, 0.09979248046875, 0.10748291015625, 0.1151123046875, 0.122802734375, 0.1304931640625, 0.13818359375, 0.1458740234375, 0.153564453125, 0.1611328125, 0.1688232421875, 0.176513671875, 0.1842041015625, 0.19189453125, 0.1995849609375, 0.207275390625, 0.2149658203125, 0.2225341796875, 0.230224609375, 0.2379150390625, 0.24560546875, 0.253173828125, 0.260986328125, 0.2685546875, 0.2763671875, 0.283935546875, 0.291748046875, 0.29931640625, 0.30712890625, 0.314697265625, 0.322265625, 0.330078125, 0.337646484375, 0.345458984375, 0.35302734375, 0.36083984375, 0.368408203125, 0.3759765625, 0.3837890625, 0.391357421875, 0.399169921875, 0.40673828125, 0.41455078125, 0.422119140625, 0.429931640625, 0.4375, 0.445068359375, 0.452880859375, 0.46044921875, 0.46826171875, 0.475830078125, 0.483642578125, 0.4912109375]}, "global_step": 0, "train_loss_step": 0.6729263663291931, "epoch": 0, "trainer/global_step": 49, "_wandb": {"runtime": 40}}