{"_runtime": 8, "_timestamp": 1633229434, "_step": 1, "val_logits": {"_type": "histogram", "values": [1, 0, 0, 0, 0, 0, 1, 0, 0, 0, 0, 0, 1, 0, 0, 1, 0, 1, 1, 2, 1, 2, 1, 6, 6, 6, 4, 3, 10, 5, 8, 5, 4, 7, 7, 2, 3, 5, 4, 2, 1, 4, 3, 5, 5, 1, 0, 1, 1, 0, 2, 1, 0, 0, 1, 0, 1, 0, 1, 0, 1, 0, 0, 1], "bins": [0.431396484375, 0.43359375, 0.43603515625, 0.438232421875, 0.440673828125, 0.44287109375, 0.445068359375, 0.447509765625, 0.44970703125, 0.4521484375, 0.454345703125, 0.45654296875, 0.458984375, 0.461181640625, 0.46337890625, 0.4658203125, 0.468017578125, 0.470458984375, 0.47265625, 0.474853515625, 0.477294921875, 0.4794921875, 0.48193359375, 0.484130859375, 0.486328125, 0.48876953125, 0.490966796875, 0.493408203125, 0.49560546875, 0.497802734375, 0.5, 0.50244140625, 0.5048828125, 0.5068359375, 0.50927734375, 0.51171875, 0.51416015625, 0.51611328125, 0.5185546875, 0.52099609375, 0.52294921875, 0.525390625, 0.52783203125, 0.52978515625, 0.5322265625, 0.53466796875, 0.53662109375, 0.5390625, 0.54150390625, 0.5439453125, 0.5458984375, 0.54833984375, 0.55078125, 0.552734375, 0.55517578125, 0.5576171875, 0.5595703125, 0.56201171875, 0.564453125, 0.56689453125, 0.56884765625, 0.5712890625, 0.57373046875, 0.57568359375, 0.578125]}, "global_step": 0, "best_bce_loss": 0.697034478187561, "best_rmse_loss": 22.80083465576172}