{"_runtime": 26, "_timestamp": 1633751434, "_step": 2, "val_logits": {"_type": "histogram", "values": [1, 0, 0, 0, 0, 0, 0, 0, 0, 0, 0, 0, 0, 0, 0, 0, 0, 0, 0, 0, 0, 0, 0, 0, 0, 0, 0, 0, 0, 0, 0, 0, 0, 1, 0, 0, 0, 0, 0, 0, 0, 0, 0, 0, 0, 0, 0, 0, 1, 0, 0, 0, 0, 0, 0, 0, 0, 0, 0, 0, 0, 0, 0, 1], "bins": [0.37841796875, 0.380126953125, 0.3818359375, 0.383544921875, 0.38525390625, 0.386962890625, 0.388427734375, 0.39013671875, 0.391845703125, 0.3935546875, 0.395263671875, 0.39697265625, 0.398681640625, 0.400390625, 0.402099609375, 0.40380859375, 0.4052734375, 0.406982421875, 0.40869140625, 0.410400390625, 0.412109375, 0.413818359375, 0.41552734375, 0.417236328125, 0.4189453125, 0.420654296875, 0.42236328125, 0.423828125, 0.425537109375, 0.42724609375, 0.428955078125, 0.4306640625, 0.432373046875, 0.43408203125, 0.435791015625, 0.4375, 0.439208984375, 0.44091796875, 0.4423828125, 0.444091796875, 0.44580078125, 0.447509765625, 0.44921875, 0.450927734375, 0.45263671875, 0.454345703125, 0.4560546875, 0.457763671875, 0.45947265625, 0.4609375, 0.462646484375, 0.46435546875, 0.466064453125, 0.4677734375, 0.469482421875, 0.47119140625, 0.472900390625, 0.474609375, 0.476318359375, 0.477783203125, 0.4794921875, 0.481201171875, 0.48291015625, 0.484619140625, 0.486328125]}, "global_step": 0, "gradients/head.1.weight": {"_type": "histogram", "values": [1.0, 0.0, 0.0, 0.0, 0.0, 0.0, 0.0, 0.0, 0.0, 1.0, 0.0, 1.0, 1.0, 2.0, 0.0, 0.0, 4.0, 3.0, 4.0, 3.0, 5.0, 5.0, 14.0, 13.0, 18.0, 26.0, 21.0, 31.0, 40.0, 34.0, 66.0, 55.0, 78.0, 92.0, 64.0, 452.0, 69.0, 73.0, 67.0, 61.0, 56.0, 46.0, 21.0, 33.0, 9.0, 18.0, 15.0, 11.0, 7.0, 5.0, 4.0, 2.0, 0.0, 1.0, 0.0, 2.0, 0.0, 0.0, 1.0, 0.0, 0.0, 0.0, 0.0, 1.0], "bins": [-3654.0, -3549.6875, -3445.375, -3341.0625, -3236.75, -3132.4375, -3028.125, -2923.8125, -2819.5, -2715.1875, -2610.875, -2506.5625, -2402.25, -2297.9375, -2193.625, -2089.3125, -1985.0, -1880.6875, -1776.375, -1672.0625, -1567.75, -1463.4375, -1359.125, -1254.8125, -1150.5, -1046.1875, -941.875, -837.5625, -733.25, -628.9375, -524.625, -420.3125, -316.0, -211.6875, -107.375, -3.0625, 101.25, 205.5625, 309.875, 414.1875, 518.5, 622.8125, 727.125, 831.4375, 935.75, 1040.0625, 1144.375, 1248.6875, 1353.0, 1457.3125, 1561.625, 1665.9375, 1770.25, 1874.5625, 1978.875, 2083.1875, 2187.5, 2291.8125, 2396.125, 2500.4375, 2604.75, 2709.0625, 2813.375, 2917.6875, 3022.0]}, "gradients/head.1.bias": {"_type": "histogram", "values": [0.0, 0.0, 0.0, 0.0, 0.0, 0.0, 0.0, 0.0, 0.0, 0.0, 0.0, 0.0, 0.0, 0.0, 0.0, 0.0, 0.0, 0.0, 0.0, 0.0, 0.0, 0.0, 0.0, 0.0, 0.0, 0.0, 0.0, 0.0, 0.0, 0.0, 0.0, 0.0, 1.0, 0.0, 0.0, 0.0, 0.0, 0.0, 0.0, 0.0, 0.0, 0.0, 0.0, 0.0, 0.0, 0.0, 0.0, 0.0, 0.0, 0.0, 0.0, 0.0, 0.0, 0.0, 0.0, 0.0, 0.0, 0.0, 0.0, 0.0, 0.0, 0.0, 0.0, 0.0], "bins": [-1388.0, -1388.0, -1388.0, -1388.0, -1388.0, -1388.0, -1388.0, -1388.0, -1388.0, -1388.0, -1388.0, -1388.0, -1388.0, -1388.0, -1388.0, -1388.0, -1388.0, -1388.0, -1388.0, -1388.0, -1388.0, -1388.0, -1388.0, -1388.0, -1388.0, -1388.0, -1388.0, -1388.0, -1388.0, -1388.0, -1388.0, -1388.0, -1388.0, -1388.0, -1388.0, -1388.0, -1388.0, -1388.0, -1388.0, -1388.0, -1388.0, -1388.0, -1388.0, -1388.0, -1388.0, -1388.0, -1388.0, -1388.0, -1388.0, -1388.0, -1388.0, -1388.0, -1388.0, -1388.0, -1388.0, -1388.0, -1388.0, -1388.0, -1388.0, -1388.0, -1388.0, -1388.0, -1388.0, -1388.0, -1388.0]}, "gradients/backbone.net.norm.weight": {"_type": "histogram", "values": [1.0, 0.0, 0.0, 0.0, 0.0, 0.0, 0.0, 1.0, 0.0, 0.0, 0.0, 0.0, 0.0, 1.0, 4.0, 19.0, 72.0, 906.0, 413.0, 81.0, 24.0, 5.0, 3.0, 0.0, 1.0, 0.0, 1.0, 0.0, 0.0, 1.0, 0.0, 0.0, 0.0, 0.0, 0.0, 0.0, 0.0, 0.0, 0.0, 0.0, 1.0, 0.0, 0.0, 0.0, 0.0, 0.0, 0.0, 0.0, 0.0, 0.0, 0.0, 0.0, 0.0, 0.0, 0.0, 0.0, 1.0, 0.0, 0.0, 0.0, 0.0, 0.0, 0.0, 1.0], "bins": [-151.6003875732422, -143.141845703125, -134.68328857421875, -126.22474670410156, -117.76619720458984, -109.30764770507812, -100.84910583496094, -92.39055633544922, -83.9320068359375, -75.47345733642578, -67.01490783691406, -58.556365966796875, -50.097816467285156, -41.63926696777344, -33.180721282958984, -24.72217559814453, -16.263626098632812, -7.805078506469727, 0.6534690856933594, 9.112016677856445, 17.57056427001953, 26.02911376953125, 34.4876594543457, 42.946205139160156, 51.404754638671875, 59.863304138183594, 68.32185363769531, 76.7803955078125, 85.23894500732422, 93.69749450683594, 102.15603637695312, 110.61458587646484, 119.07315063476562, 127.53170013427734, 135.99024963378906, 144.44879150390625, 152.9073486328125, 161.3658905029297, 169.82443237304688, 178.28298950195312, 186.7415313720703, 195.2000732421875, 203.65863037109375, 212.11717224121094, 220.57571411132812, 229.03427124023438, 237.49281311035156, 245.95135498046875, 254.409912109375, 262.86846923828125, 271.3269958496094, 279.7855529785156, 288.2441101074219, 296.70263671875, 305.16119384765625, 313.6197509765625, 322.07830810546875, 330.536865234375, 338.9953918457031, 347.4539489746094, 355.9125061035156, 364.37103271484375, 372.82958984375, 381.28814697265625, 389.7466735839844]}, "gradients/backbone.net.norm.bias": {"_type": "histogram", "values": [5.0, 8.0, 5.0, 5.0, 4.0, 2.0, 7.0, 9.0, 11.0, 6.0, 4.0, 4.0, 6.0, 5.0, 13.0, 18.0, 12.0, 20.0, 28.0, 32.0, 32.0, 24.0, 28.0, 27.0, 30.0, 30.0, 39.0, 24.0, 41.0, 32.0, 32.0, 30.0, 388.0, 35.0, 31.0, 27.0, 28.0, 25.0, 44.0, 33.0, 25.0, 24.0, 35.0, 31.0, 26.0, 33.0, 30.0, 13.0, 18.0, 14.0, 5.0, 10.0, 9.0, 10.0, 7.0, 12.0, 5.0, 8.0, 9.0, 9.0, 5.0, 9.0, 3.0, 2.0], "bins": [-70.18731689453125, -68.00030517578125, -65.81330108642578, -63.62629318237305, -61.43928527832031, -59.25227737426758, -57.065269470214844, -54.878257751464844, -52.691253662109375, -50.50424575805664, -48.317237854003906, -46.13022994995117, -43.94322204589844, -41.7562141418457, -39.56920623779297, -37.38219451904297, -35.195186614990234, -33.0081787109375, -30.821170806884766, -28.63416290283203, -26.447154998779297, -24.260147094726562, -22.073137283325195, -19.88612937927246, -17.699121475219727, -15.512113571166992, -13.325105667114258, -11.138096809387207, -8.951088905334473, -6.764081001281738, -4.5770721435546875, -2.390064239501953, -0.20305633544921875, 1.9839518070220947, 4.170959949493408, 6.357968330383301, 8.544976234436035, 10.73198413848877, 12.91899299621582, 15.106000900268555, 17.29300880432129, 19.480016708374023, 21.667024612426758, 23.854034423828125, 26.04104232788086, 28.228050231933594, 30.415058135986328, 32.60206604003906, 34.7890739440918, 36.97608184814453, 39.163089752197266, 41.35009765625, 43.537105560302734, 45.72411346435547, 47.91112518310547, 50.09812927246094, 52.28514099121094, 54.47214889526367, 56.659156799316406, 58.84616470336914, 61.033172607421875, 63.22018051147461, 65.40718841552734, 67.59420013427734, 69.78120422363281]}}