{"_runtime": 9, "_timestamp": 1633736653, "_step": 1, "val_logits": {"_type": "histogram", "values": [1, 1, 0, 1, 0, 0, 0, 1, 0, 0, 1, 0, 1, 0, 0, 0, 0, 1, 0, 0, 0, 0, 0, 0, 0, 0, 1, 0, 0, 0, 0, 0, 0, 0, 0, 1, 1, 0, 0, 1, 0, 0, 0, 0, 0, 0, 0, 0, 0, 0, 0, 0, 0, 0, 0, 0, 0, 0, 0, 0, 0, 0, 0, 1], "bins": [0.0272674560546875, 0.036895751953125, 0.046539306640625, 0.05615234375, 0.0657958984375, 0.075439453125, 0.08502197265625, 0.09466552734375, 0.10430908203125, 0.11395263671875, 0.12353515625, 0.1331787109375, 0.142822265625, 0.1524658203125, 0.162109375, 0.1717529296875, 0.181396484375, 0.19091796875, 0.2005615234375, 0.210205078125, 0.2198486328125, 0.2294921875, 0.2391357421875, 0.248779296875, 0.25830078125, 0.26806640625, 0.277587890625, 0.287353515625, 0.296875, 0.306640625, 0.316162109375, 0.32568359375, 0.33544921875, 0.344970703125, 0.354736328125, 0.3642578125, 0.3740234375, 0.383544921875, 0.39306640625, 0.40283203125, 0.412353515625, 0.422119140625, 0.431640625, 0.44140625, 0.450927734375, 0.460693359375, 0.47021484375, 0.479736328125, 0.489501953125, 0.4990234375, 0.5087890625, 0.5185546875, 0.52783203125, 0.53759765625, 0.54736328125, 0.55712890625, 0.56640625, 0.576171875, 0.5859375, 0.59521484375, 0.60498046875, 0.61474609375, 0.62451171875, 0.6337890625, 0.6435546875]}, "global_step": 0, "_wandb": {"runtime": 16}}