{"_runtime": 9, "_timestamp": 1633752158, "_step": 1, "val_logits": {"_type": "histogram", "values": [1, 0, 0, 0, 0, 0, 0, 0, 0, 0, 0, 0, 0, 1, 0, 0, 0, 0, 0, 0, 1, 0, 0, 0, 0, 0, 0, 0, 0, 0, 0, 1, 1, 0, 0, 1, 0, 0, 0, 0, 0, 0, 0, 0, 0, 1, 0, 0, 0, 0, 0, 0, 0, 0, 0, 0, 0, 0, 0, 0, 0, 0, 0, 1], "bins": [0.5361328125, 0.5390625, 0.5419921875, 0.54541015625, 0.54833984375, 0.55126953125, 0.55419921875, 0.55712890625, 0.560546875, 0.5634765625, 0.56640625, 0.5693359375, 0.572265625, 0.5751953125, 0.57861328125, 0.58154296875, 0.58447265625, 0.58740234375, 0.59033203125, 0.59375, 0.5966796875, 0.599609375, 0.6025390625, 0.60546875, 0.6083984375, 0.61181640625, 0.61474609375, 0.61767578125, 0.62060546875, 0.62353515625, 0.626953125, 0.6298828125, 0.6328125, 0.6357421875, 0.638671875, 0.64208984375, 0.64501953125, 0.64794921875, 0.65087890625, 0.65380859375, 0.6572265625, 0.66015625, 0.6630859375, 0.666015625, 0.6689453125, 0.671875, 0.67529296875, 0.67822265625, 0.68115234375, 0.68408203125, 0.68701171875, 0.6904296875, 0.693359375, 0.6962890625, 0.69921875, 0.7021484375, 0.705078125, 0.70849609375, 0.71142578125, 0.71435546875, 0.71728515625, 0.72021484375, 0.7236328125, 0.7265625, 0.7294921875]}, "global_step": 0}