{"_runtime": 9, "_timestamp": 1633736611, "_step": 1, "val_logits": {"_type": "histogram", "values": [1, 1, 0, 1, 0, 1, 0, 1, 0, 0, 1, 0, 3, 0, 0, 0, 0, 1, 0, 0, 0, 0, 0, 1, 0, 0, 1, 0, 0, 0, 0, 0, 0, 0, 0, 1, 1, 0, 0, 1, 0, 0, 0, 0, 0, 0, 0, 0, 0, 0, 0, 0, 0, 0, 0, 0, 0, 0, 0, 0, 0, 0, 0, 1], "bins": [0.0273284912109375, 0.036956787109375, 0.046600341796875, 0.05621337890625, 0.06585693359375, 0.07550048828125, 0.0850830078125, 0.0947265625, 0.1043701171875, 0.114013671875, 0.12359619140625, 0.13330078125, 0.142822265625, 0.1524658203125, 0.162109375, 0.1717529296875, 0.181396484375, 0.1910400390625, 0.20068359375, 0.2103271484375, 0.2198486328125, 0.2294921875, 0.2391357421875, 0.248779296875, 0.25830078125, 0.26806640625, 0.277587890625, 0.287353515625, 0.296875, 0.306640625, 0.316162109375, 0.325927734375, 0.33544921875, 0.344970703125, 0.354736328125, 0.3642578125, 0.3740234375, 0.383544921875, 0.393310546875, 0.40283203125, 0.412353515625, 0.422119140625, 0.431640625, 0.44140625, 0.450927734375, 0.460693359375, 0.47021484375, 0.47998046875, 0.489501953125, 0.4990234375, 0.5087890625, 0.5185546875, 0.52783203125, 0.53759765625, 0.54736328125, 0.55712890625, 0.56640625, 0.576171875, 0.5859375, 0.59521484375, 0.60498046875, 0.61474609375, 0.62451171875, 0.6337890625, 0.6435546875]}, "global_step": 0, "_wandb": {"runtime": 14}}