{"_runtime": 11, "_timestamp": 1633539254, "_step": 1, "val_logits": {"_type": "histogram", "values": [1, 0, 0, 0, 0, 0, 0, 1, 0, 0, 1, 0, 0, 0, 2, 1, 2, 1, 0, 1, 1, 1, 2, 2, 2, 1, 5, 2, 2, 4, 0, 0, 1, 1, 2, 0, 1, 2, 3, 2, 0, 0, 1, 2, 1, 4, 2, 1, 1, 1, 0, 2, 3, 0, 0, 0, 0, 0, 0, 0, 1, 0, 0, 1], "bins": [0.455078125, 0.456298828125, 0.45751953125, 0.458740234375, 0.460205078125, 0.46142578125, 0.462646484375, 0.4638671875, 0.465087890625, 0.46630859375, 0.4677734375, 0.468994140625, 0.47021484375, 0.471435546875, 0.47265625, 0.473876953125, 0.47509765625, 0.4765625, 0.477783203125, 0.47900390625, 0.480224609375, 0.4814453125, 0.482666015625, 0.484130859375, 0.4853515625, 0.486572265625, 0.48779296875, 0.489013671875, 0.490234375, 0.49169921875, 0.492919921875, 0.494140625, 0.495361328125, 0.49658203125, 0.497802734375, 0.4990234375, 0.50048828125, 0.50146484375, 0.5029296875, 0.50439453125, 0.50537109375, 0.5068359375, 0.5078125, 0.50927734375, 0.51025390625, 0.51171875, 0.51318359375, 0.51416015625, 0.515625, 0.5166015625, 0.51806640625, 0.51904296875, 0.5205078125, 0.52197265625, 0.52294921875, 0.5244140625, 0.525390625, 0.52685546875, 0.5283203125, 0.529296875, 0.53076171875, 0.53173828125, 0.533203125, 0.5341796875, 0.53564453125]}, "global_step": 0, "_wandb": {"runtime": 13}}