{"_runtime": 37, "_timestamp": 1633213653, "_step": 7, "val_logits": {"_type": "histogram", "values": [3, 2, 1, 7, 8, 14, 32, 39, 63, 72, 92, 105, 91, 119, 115, 96, 105, 96, 88, 67, 84, 68, 62, 48, 39, 49, 45, 42, 36, 28, 30, 21, 17, 23, 11, 16, 14, 15, 12, 10, 11, 11, 3, 9, 7, 5, 5, 4, 6, 4, 2, 4, 2, 3, 0, 4, 4, 3, 1, 2, 3, 2, 1, 2], "bins": [0.2198486328125, 0.227783203125, 0.2357177734375, 0.2437744140625, 0.251708984375, 0.259521484375, 0.267578125, 0.275634765625, 0.283447265625, 0.29150390625, 0.29931640625, 0.307373046875, 0.3154296875, 0.3232421875, 0.331298828125, 0.339111328125, 0.34716796875, 0.35498046875, 0.363037109375, 0.37109375, 0.37890625, 0.386962890625, 0.394775390625, 0.40283203125, 0.410888671875, 0.418701171875, 0.4267578125, 0.4345703125, 0.442626953125, 0.450439453125, 0.45849609375, 0.466552734375, 0.474365234375, 0.482421875, 0.490234375, 0.498291015625, 0.50634765625, 0.51416015625, 0.52197265625, 0.5302734375, 0.5380859375, 0.5458984375, 0.55419921875, 0.56201171875, 0.56982421875, 0.57763671875, 0.5859375, 0.59375, 0.6015625, 0.60986328125, 0.61767578125, 0.62548828125, 0.63330078125, 0.6416015625, 0.6494140625, 0.6572265625, 0.66552734375, 0.67333984375, 0.68115234375, 0.689453125, 0.697265625, 0.705078125, 0.712890625, 0.72119140625, 0.72900390625]}, "global_step": 61, "lr-AdamW": 9.961905182153434e-05, "trainer/global_step": 61, "train_loss_step": 0.6499069929122925, "epoch": 0, "train_loss_epoch": 0.6654062271118164, "val_bce_loss": 0.649751603603363, "val_rmse_loss": 18.771039962768555, "best_bce_loss": 0.6500641703605652}