{"_runtime": 10, "_timestamp": 1633398608, "_step": 1, "val_logits": {"_type": "histogram", "values": [1, 1, 0, 0, 0, 0, 0, 0, 0, 0, 0, 0, 0, 0, 0, 1, 0, 2, 0, 0, 0, 2, 0, 2, 1, 1, 1, 1, 1, 2, 2, 2, 1, 2, 0, 1, 4, 2, 3, 0, 3, 1, 2, 2, 0, 3, 2, 1, 2, 1, 0, 2, 1, 1, 1, 2, 2, 0, 1, 0, 1, 1, 1, 1], "bins": [0.30126953125, 0.305908203125, 0.310546875, 0.315185546875, 0.319580078125, 0.32421875, 0.328857421875, 0.33349609375, 0.338134765625, 0.3427734375, 0.34716796875, 0.351806640625, 0.3564453125, 0.361083984375, 0.36572265625, 0.370361328125, 0.375, 0.37939453125, 0.384033203125, 0.388671875, 0.393310546875, 0.39794921875, 0.402587890625, 0.406982421875, 0.41162109375, 0.416259765625, 0.4208984375, 0.425537109375, 0.43017578125, 0.4345703125, 0.439208984375, 0.44384765625, 0.448486328125, 0.453125, 0.457763671875, 0.46240234375, 0.466796875, 0.471435546875, 0.47607421875, 0.480712890625, 0.4853515625, 0.489990234375, 0.494384765625, 0.4990234375, 0.50390625, 0.50830078125, 0.5126953125, 0.517578125, 0.52197265625, 0.52685546875, 0.53125, 0.5361328125, 0.54052734375, 0.544921875, 0.5498046875, 0.55419921875, 0.55908203125, 0.5634765625, 0.56787109375, 0.57275390625, 0.5771484375, 0.58203125, 0.58642578125, 0.59130859375, 0.595703125]}, "global_step": 0, "_wandb": {"runtime": 13}}