{"_runtime": 9, "_timestamp": 1633752062, "_step": 1, "val_logits": {"_type": "histogram", "values": [1, 0, 0, 0, 0, 0, 0, 0, 0, 0, 0, 0, 0, 0, 0, 0, 0, 0, 0, 0, 0, 0, 0, 0, 0, 0, 0, 0, 0, 0, 2, 0, 0, 1, 0, 0, 0, 0, 0, 0, 1, 0, 0, 0, 0, 0, 0, 0, 0, 0, 1, 1, 0, 0, 0, 0, 0, 0, 0, 0, 0, 0, 0, 1], "bins": [0.385498046875, 0.39208984375, 0.398681640625, 0.405029296875, 0.41162109375, 0.418212890625, 0.4248046875, 0.43115234375, 0.437744140625, 0.4443359375, 0.450927734375, 0.457275390625, 0.4638671875, 0.470458984375, 0.47705078125, 0.4833984375, 0.489990234375, 0.49658203125, 0.5029296875, 0.509765625, 0.51611328125, 0.52294921875, 0.529296875, 0.53564453125, 0.54248046875, 0.548828125, 0.55517578125, 0.56201171875, 0.568359375, 0.5751953125, 0.58154296875, 0.587890625, 0.5947265625, 0.60107421875, 0.60791015625, 0.6142578125, 0.62060546875, 0.62744140625, 0.6337890625, 0.64013671875, 0.64697265625, 0.6533203125, 0.66015625, 0.66650390625, 0.6728515625, 0.6796875, 0.68603515625, 0.6923828125, 0.69921875, 0.70556640625, 0.71240234375, 0.71875, 0.72509765625, 0.73193359375, 0.73828125, 0.7451171875, 0.75146484375, 0.7578125, 0.7646484375, 0.77099609375, 0.77734375, 0.7841796875, 0.79052734375, 0.79736328125, 0.8037109375]}, "global_step": 0}