{"_runtime": 9, "_timestamp": 1633841030, "_step": 1, "val_logits": {"_type": "histogram", "values": [1, 0, 0, 0, 1, 0, 0, 0, 1, 0, 0, 0, 1, 0, 1, 0, 0, 0, 0, 0, 0, 1, 1, 0, 1, 0, 0, 0, 0, 4, 2, 0, 0, 1, 1, 0, 0, 1, 0, 2, 1, 0, 0, 0, 0, 1, 1, 0, 0, 0, 3, 0, 0, 1, 1, 1, 0, 0, 0, 0, 0, 3, 0, 1], "bins": [0.2459716796875, 0.250732421875, 0.255615234375, 0.26025390625, 0.26513671875, 0.27001953125, 0.274658203125, 0.279541015625, 0.2841796875, 0.2890625, 0.2939453125, 0.298583984375, 0.303466796875, 0.30810546875, 0.31298828125, 0.31787109375, 0.322509765625, 0.327392578125, 0.33203125, 0.3369140625, 0.341796875, 0.346435546875, 0.351318359375, 0.35595703125, 0.36083984375, 0.36572265625, 0.370361328125, 0.375244140625, 0.3798828125, 0.384765625, 0.3896484375, 0.394287109375, 0.399169921875, 0.40380859375, 0.40869140625, 0.41357421875, 0.418212890625, 0.423095703125, 0.427734375, 0.4326171875, 0.4375, 0.442138671875, 0.447021484375, 0.45166015625, 0.45654296875, 0.46142578125, 0.466064453125, 0.470947265625, 0.4755859375, 0.48046875, 0.4853515625, 0.489990234375, 0.494873046875, 0.49951171875, 0.50439453125, 0.50927734375, 0.51416015625, 0.5185546875, 0.5234375, 0.5283203125, 0.533203125, 0.5380859375, 0.54248046875, 0.54736328125, 0.55224609375]}, "global_step": 0, "_wandb": {"runtime": 12}}