{"_runtime": 9, "_timestamp": 1633539330, "_step": 1, "val_logits": {"_type": "histogram", "values": [1, 0, 0, 0, 0, 0, 0, 0, 0, 0, 0, 0, 0, 0, 0, 0, 0, 1, 1, 0, 1, 0, 0, 2, 0, 1, 1, 0, 0, 0, 0, 0, 0, 0, 0, 0, 0, 0, 0, 1, 1, 0, 1, 2, 0, 1, 1, 0, 0, 0, 0, 0, 0, 0, 0, 0, 0, 0, 0, 0, 0, 0, 0, 1], "bins": [0.376220703125, 0.37890625, 0.381591796875, 0.384033203125, 0.38671875, 0.389404296875, 0.39208984375, 0.39453125, 0.397216796875, 0.39990234375, 0.402587890625, 0.405029296875, 0.40771484375, 0.410400390625, 0.4130859375, 0.41552734375, 0.418212890625, 0.4208984375, 0.423583984375, 0.42626953125, 0.4287109375, 0.431396484375, 0.43408203125, 0.436767578125, 0.439208984375, 0.44189453125, 0.444580078125, 0.447265625, 0.44970703125, 0.452392578125, 0.455078125, 0.457763671875, 0.46044921875, 0.462890625, 0.465576171875, 0.46826171875, 0.470947265625, 0.473388671875, 0.47607421875, 0.478759765625, 0.4814453125, 0.48388671875, 0.486572265625, 0.4892578125, 0.491943359375, 0.494384765625, 0.4970703125, 0.499755859375, 0.50244140625, 0.5048828125, 0.5078125, 0.51025390625, 0.5126953125, 0.515625, 0.51806640625, 0.52099609375, 0.5234375, 0.52587890625, 0.52880859375, 0.53125, 0.53369140625, 0.53662109375, 0.5390625, 0.5419921875, 0.54443359375]}, "global_step": 0}