{"_runtime": 10, "_timestamp": 1633663758, "_step": 1, "val_logits": {"_type": "histogram", "values": [1, 0, 1, 0, 0, 0, 0, 0, 0, 0, 0, 1, 1, 0, 1, 0, 0, 1, 3, 2, 6, 2, 2, 2, 2, 3, 2, 2, 1, 1, 1, 1, 5, 1, 0, 1, 0, 0, 3, 1, 2, 1, 0, 2, 1, 1, 1, 1, 1, 2, 2, 0, 0, 0, 1, 0, 0, 0, 0, 0, 0, 0, 0, 2], "bins": [0.2037353515625, 0.211181640625, 0.2186279296875, 0.22607421875, 0.2335205078125, 0.2410888671875, 0.24853515625, 0.255859375, 0.263427734375, 0.270751953125, 0.2783203125, 0.285888671875, 0.293212890625, 0.30078125, 0.30810546875, 0.315673828125, 0.322998046875, 0.33056640625, 0.337890625, 0.345458984375, 0.35302734375, 0.3603515625, 0.367919921875, 0.375244140625, 0.3828125, 0.39013671875, 0.397705078125, 0.405029296875, 0.41259765625, 0.420166015625, 0.427490234375, 0.43505859375, 0.4423828125, 0.449951171875, 0.457275390625, 0.46484375, 0.47216796875, 0.479736328125, 0.4873046875, 0.49462890625, 0.501953125, 0.509765625, 0.51708984375, 0.5244140625, 0.53173828125, 0.53955078125, 0.546875, 0.55419921875, 0.56201171875, 0.5693359375, 0.57666015625, 0.583984375, 0.591796875, 0.59912109375, 0.6064453125, 0.6142578125, 0.62158203125, 0.62890625, 0.63623046875, 0.64404296875, 0.6513671875, 0.65869140625, 0.666015625, 0.673828125, 0.68115234375]}, "global_step": 0, "_wandb": {"runtime": 13}}