{"_runtime": 9, "_timestamp": 1633663822, "_step": 1, "val_logits": {"_type": "histogram", "values": [1, 0, 0, 0, 0, 0, 0, 0, 0, 0, 0, 0, 0, 0, 0, 0, 1, 0, 2, 1, 1, 0, 0, 3, 0, 0, 0, 0, 1, 0, 1, 0, 0, 0, 1, 0, 0, 0, 0, 0, 0, 0, 0, 0, 0, 0, 0, 1, 1, 1, 0, 0, 0, 0, 0, 0, 0, 0, 0, 0, 0, 0, 0, 1], "bins": [0.2225341796875, 0.229736328125, 0.23681640625, 0.2440185546875, 0.251220703125, 0.25830078125, 0.265625, 0.272705078125, 0.27978515625, 0.287109375, 0.294189453125, 0.30126953125, 0.30859375, 0.315673828125, 0.32275390625, 0.330078125, 0.337158203125, 0.34423828125, 0.3515625, 0.358642578125, 0.365966796875, 0.373046875, 0.380126953125, 0.387451171875, 0.39453125, 0.401611328125, 0.408935546875, 0.416015625, 0.423095703125, 0.430419921875, 0.4375, 0.444580078125, 0.451904296875, 0.458984375, 0.466064453125, 0.473388671875, 0.48046875, 0.48779296875, 0.494873046875, 0.501953125, 0.50927734375, 0.51611328125, 0.5234375, 0.53076171875, 0.53759765625, 0.544921875, 0.55224609375, 0.5595703125, 0.56640625, 0.57373046875, 0.5810546875, 0.587890625, 0.59521484375, 0.6025390625, 0.609375, 0.61669921875, 0.6240234375, 0.630859375, 0.63818359375, 0.6455078125, 0.65234375, 0.65966796875, 0.6669921875, 0.673828125, 0.68115234375]}, "global_step": 0}