{"_runtime": 33, "_timestamp": 1633663926, "_step": 3, "val_logits": {"_type": "histogram", "values": [1, 0, 0, 0, 0, 0, 0, 0, 0, 0, 0, 0, 0, 0, 0, 0, 0, 0, 0, 0, 1, 2, 0, 0, 0, 0, 1, 0, 0, 0, 1, 3, 0, 0, 0, 0, 0, 1, 0, 0, 2, 0, 0, 0, 0, 0, 0, 0, 0, 0, 0, 1, 0, 0, 1, 0, 0, 0, 0, 1, 0, 0, 0, 1], "bins": [0.449951171875, 0.451171875, 0.452392578125, 0.45361328125, 0.454833984375, 0.4560546875, 0.457275390625, 0.45849609375, 0.459716796875, 0.4609375, 0.462158203125, 0.463623046875, 0.46484375, 0.466064453125, 0.46728515625, 0.468505859375, 0.4697265625, 0.470947265625, 0.47216796875, 0.473388671875, 0.474609375, 0.475830078125, 0.47705078125, 0.478271484375, 0.4794921875, 0.480712890625, 0.48193359375, 0.483154296875, 0.484375, 0.485595703125, 0.48681640625, 0.488037109375, 0.4892578125, 0.49072265625, 0.491943359375, 0.4931640625, 0.494384765625, 0.49560546875, 0.496826171875, 0.498046875, 0.499267578125, 0.50048828125, 0.50146484375, 0.5029296875, 0.50439453125, 0.50537109375, 0.5068359375, 0.5078125, 0.50927734375, 0.51025390625, 0.51171875, 0.5126953125, 0.51416015625, 0.51513671875, 0.5166015625, 0.517578125, 0.51904296875, 0.52001953125, 0.521484375, 0.5224609375, 0.52392578125, 0.52490234375, 0.5263671875, 0.52734375, 0.52880859375]}, "global_step": 0, "lr-AdamW": 9.999864273409349e-06, "trainer/global_step": 49, "train_loss_step": 0.6613898277282715, "epoch": 0}