{"_runtime": 9, "_timestamp": 1633718746, "_step": 1, "val_logits": {"_type": "histogram", "values": [1, 0, 0, 0, 0, 0, 0, 0, 0, 0, 0, 0, 0, 0, 0, 0, 0, 0, 1, 0, 0, 0, 0, 0, 0, 1, 0, 0, 0, 1, 0, 0, 1, 0, 0, 0, 0, 0, 0, 0, 0, 0, 0, 0, 0, 0, 0, 1, 0, 0, 0, 0, 0, 0, 1, 0, 0, 0, 0, 0, 0, 0, 0, 1], "bins": [0.38818359375, 0.39013671875, 0.39208984375, 0.39404296875, 0.39599609375, 0.39794921875, 0.39990234375, 0.40185546875, 0.40380859375, 0.40576171875, 0.40771484375, 0.40966796875, 0.41162109375, 0.41357421875, 0.41552734375, 0.41748046875, 0.41943359375, 0.421630859375, 0.423583984375, 0.425537109375, 0.427490234375, 0.429443359375, 0.431396484375, 0.433349609375, 0.435302734375, 0.437255859375, 0.439208984375, 0.441162109375, 0.443115234375, 0.445068359375, 0.447021484375, 0.448974609375, 0.450927734375, 0.452880859375, 0.454833984375, 0.456787109375, 0.458740234375, 0.460693359375, 0.462646484375, 0.464599609375, 0.466552734375, 0.468505859375, 0.470458984375, 0.472412109375, 0.474365234375, 0.476318359375, 0.478271484375, 0.480224609375, 0.482421875, 0.484375, 0.486328125, 0.48828125, 0.490234375, 0.4921875, 0.494140625, 0.49609375, 0.498046875, 0.5, 0.501953125, 0.50390625, 0.505859375, 0.5078125, 0.509765625, 0.51171875, 0.513671875]}, "global_step": 0}