{"_runtime": 11, "_timestamp": 1633840998, "_step": 1, "val_logits": {"_type": "histogram", "values": [1, 1, 0, 1, 0, 1, 0, 1, 0, 0, 2, 2, 0, 1, 1, 0, 1, 1, 1, 0, 1, 1, 1, 0, 8, 0, 2, 1, 0, 0, 3, 0, 4, 1, 2, 1, 1, 1, 1, 0, 2, 3, 2, 2, 1, 1, 0, 0, 1, 2, 2, 2, 1, 0, 0, 1, 0, 0, 1, 0, 0, 0, 0, 1], "bins": [0.2459716796875, 0.251953125, 0.2578125, 0.263671875, 0.26953125, 0.275390625, 0.28125, 0.287109375, 0.29296875, 0.298828125, 0.3046875, 0.310546875, 0.31640625, 0.322265625, 0.328125, 0.333984375, 0.33984375, 0.345703125, 0.3515625, 0.357421875, 0.36328125, 0.369140625, 0.375, 0.380859375, 0.38671875, 0.392578125, 0.398681640625, 0.404541015625, 0.410400390625, 0.416259765625, 0.422119140625, 0.427978515625, 0.433837890625, 0.439697265625, 0.445556640625, 0.451416015625, 0.457275390625, 0.463134765625, 0.468994140625, 0.474853515625, 0.480712890625, 0.486572265625, 0.492431640625, 0.498291015625, 0.50439453125, 0.51025390625, 0.51611328125, 0.52197265625, 0.52783203125, 0.53369140625, 0.53955078125, 0.54541015625, 0.55126953125, 0.55712890625, 0.56298828125, 0.56884765625, 0.57470703125, 0.58056640625, 0.58642578125, 0.59228515625, 0.59814453125, 0.60400390625, 0.60986328125, 0.61572265625, 0.62158203125]}, "global_step": 0, "_wandb": {"runtime": 13}}