{"_runtime": 9, "_timestamp": 1633752003, "_step": 1, "val_logits": {"_type": "histogram", "values": [1, 0, 0, 0, 0, 0, 0, 0, 0, 0, 0, 0, 0, 0, 0, 0, 0, 0, 0, 1, 0, 0, 0, 0, 1, 0, 1, 0, 0, 0, 0, 0, 0, 0, 0, 0, 1, 0, 0, 0, 2, 0, 1, 0, 0, 0, 1, 1, 2, 0, 0, 0, 0, 0, 1, 1, 1, 0, 0, 0, 0, 0, 0, 1], "bins": [0.20166015625, 0.2110595703125, 0.220458984375, 0.2298583984375, 0.2392578125, 0.2486572265625, 0.258056640625, 0.267578125, 0.27685546875, 0.286376953125, 0.295654296875, 0.30517578125, 0.314453125, 0.323974609375, 0.333251953125, 0.3427734375, 0.35205078125, 0.361572265625, 0.37109375, 0.38037109375, 0.389892578125, 0.399169921875, 0.40869140625, 0.41796875, 0.427490234375, 0.436767578125, 0.4462890625, 0.45556640625, 0.465087890625, 0.474365234375, 0.48388671875, 0.4931640625, 0.5029296875, 0.51220703125, 0.521484375, 0.53076171875, 0.54052734375, 0.5498046875, 0.55908203125, 0.568359375, 0.578125, 0.58740234375, 0.5966796875, 0.60595703125, 0.61572265625, 0.625, 0.63427734375, 0.6435546875, 0.6533203125, 0.66259765625, 0.671875, 0.681640625, 0.69091796875, 0.7001953125, 0.70947265625, 0.71923828125, 0.728515625, 0.73779296875, 0.7470703125, 0.7568359375, 0.76611328125, 0.775390625, 0.78466796875, 0.79443359375, 0.8037109375]}, "global_step": 0, "_wandb": {"runtime": 12}}