{"_runtime": 42, "_timestamp": 1633206600, "_step": 5, "val_logits": {"_type": "histogram", "values": [1789, 85, 26, 21, 12, 5, 7, 4, 5, 7, 3, 1, 0, 1, 2, 1, 0, 1, 0, 1, 0, 1, 0, 1, 0, 0, 1, 1, 1, 1, 0, 0, 1, 1, 0, 1, 0, 0, 0, 0, 0, 0, 0, 0, 0, 0, 0, 0, 0, 0, 0, 0, 1, 0, 0, 0, 0, 0, 0, 0, 0, 1, 0, 1], "bins": [0.0, 0.00016260147094726562, 0.00032520294189453125, 0.0004878044128417969, 0.0006504058837890625, 0.0008130073547363281, 0.0009756088256835938, 0.0011386871337890625, 0.001300811767578125, 0.0014629364013671875, 0.0016260147094726562, 0.001789093017578125, 0.0019512176513671875, 0.00211334228515625, 0.002277374267578125, 0.0024394989013671875, 0.00260162353515625, 0.0027637481689453125, 0.002925872802734375, 0.00308990478515625, 0.0032520294189453125, 0.003414154052734375, 0.00357818603515625, 0.0037403106689453125, 0.003902435302734375, 0.00406646728515625, 0.0042266845703125, 0.004390716552734375, 0.00455474853515625, 0.0047149658203125, 0.004878997802734375, 0.005039215087890625, 0.0052032470703125, 0.005367279052734375, 0.005527496337890625, 0.0056915283203125, 0.00585174560546875, 0.006015777587890625, 0.0061798095703125, 0.00634002685546875, 0.006504058837890625, 0.0066680908203125, 0.00682830810546875, 0.006992340087890625, 0.0071563720703125, 0.00731658935546875, 0.007480621337890625, 0.007640838623046875, 0.00780487060546875, 0.007965087890625, 0.0081329345703125, 0.00829315185546875, 0.008453369140625, 0.0086212158203125, 0.00878143310546875, 0.008941650390625, 0.0091094970703125, 0.00926971435546875, 0.009429931640625, 0.00959014892578125, 0.00975799560546875, 0.009918212890625, 0.01007843017578125, 0.01024627685546875, 0.010406494140625]}, "global_step": 61, "train_loss_step": 0.6697755455970764, "epoch": 0, "trainer/global_step": 61, "train_loss_epoch": 0.672673225402832, "_wandb": {"runtime": 43}}