{"_runtime": 7, "_timestamp": 1633677058, "_step": 1, "val_logits": {"_type": "histogram", "values": [1, 0, 0, 0, 0, 0, 0, 2, 0, 0, 1, 0, 2, 0, 0, 0, 0, 0, 0, 0, 1, 0, 0, 0, 0, 0, 0, 1, 1, 0, 0, 1, 0, 0, 0, 0, 0, 0, 0, 0, 1, 1, 0, 0, 0, 0, 0, 0, 0, 0, 0, 0, 0, 1, 1, 0, 0, 0, 0, 0, 0, 0, 1, 1], "bins": [0.36279296875, 0.3681640625, 0.37353515625, 0.37890625, 0.38427734375, 0.389404296875, 0.394775390625, 0.400146484375, 0.405517578125, 0.410888671875, 0.416259765625, 0.421630859375, 0.4267578125, 0.43212890625, 0.4375, 0.44287109375, 0.4482421875, 0.45361328125, 0.458984375, 0.46435546875, 0.4697265625, 0.474853515625, 0.480224609375, 0.485595703125, 0.490966796875, 0.496337890625, 0.50146484375, 0.5068359375, 0.51220703125, 0.517578125, 0.52294921875, 0.5283203125, 0.53369140625, 0.5390625, 0.54443359375, 0.5498046875, 0.55517578125, 0.560546875, 0.56591796875, 0.5712890625, 0.576171875, 0.58154296875, 0.5869140625, 0.59228515625, 0.59765625, 0.60302734375, 0.6083984375, 0.61376953125, 0.619140625, 0.62451171875, 0.6298828125, 0.63525390625, 0.640625, 0.64599609375, 0.6513671875, 0.65673828125, 0.662109375, 0.6669921875, 0.67236328125, 0.677734375, 0.68310546875, 0.6884765625, 0.69384765625, 0.69921875, 0.70458984375]}, "global_step": 0, "_wandb": {"runtime": 14}}