{"_runtime": 8, "_timestamp": 1633276441, "_step": 1, "val_logits": {"_type": "histogram", "values": [1, 0, 0, 0, 0, 0, 2, 0, 2, 0, 1, 1, 4, 1, 2, 2, 3, 0, 0, 5, 5, 1, 2, 2, 4, 2, 7, 6, 4, 3, 3, 6, 3, 5, 2, 7, 0, 0, 7, 6, 0, 3, 5, 2, 3, 7, 0, 2, 0, 1, 0, 0, 1, 0, 0, 0, 3, 0, 0, 0, 1, 0, 0, 1], "bins": [0.286865234375, 0.293212890625, 0.29931640625, 0.3056640625, 0.31201171875, 0.318359375, 0.324462890625, 0.330810546875, 0.337158203125, 0.343505859375, 0.349609375, 0.35595703125, 0.3623046875, 0.36865234375, 0.374755859375, 0.381103515625, 0.387451171875, 0.3935546875, 0.39990234375, 0.40625, 0.41259765625, 0.418701171875, 0.425048828125, 0.431396484375, 0.437744140625, 0.44384765625, 0.4501953125, 0.45654296875, 0.462890625, 0.468994140625, 0.475341796875, 0.481689453125, 0.48779296875, 0.494140625, 0.50048828125, 0.5068359375, 0.51318359375, 0.51953125, 0.525390625, 0.53173828125, 0.5380859375, 0.54443359375, 0.55078125, 0.55712890625, 0.5634765625, 0.56982421875, 0.57568359375, 0.58203125, 0.58837890625, 0.5947265625, 0.60107421875, 0.607421875, 0.61376953125, 0.61962890625, 0.6259765625, 0.63232421875, 0.638671875, 0.64501953125, 0.6513671875, 0.65771484375, 0.6640625, 0.669921875, 0.67626953125, 0.6826171875, 0.68896484375]}, "global_step": 0, "best_bce_loss": 0.689945638179779, "best_rmse_loss": 22.01941680908203}