{"_runtime": 12, "_timestamp": 1633208048, "_step": 1, "val_logits": {"_type": "histogram", "values": [2, 0, 0, 0, 0, 1, 0, 0, 3, 2, 0, 0, 1, 3, 1, 2, 3, 2, 4, 6, 5, 11, 10, 3, 7, 16, 7, 11, 12, 14, 6, 11, 12, 9, 6, 9, 12, 7, 6, 5, 5, 5, 4, 3, 8, 4, 2, 2, 1, 3, 1, 2, 1, 2, 2, 0, 1, 0, 0, 0, 0, 0, 0, 1], "bins": [0.394287109375, 0.39892578125, 0.403564453125, 0.408203125, 0.4130859375, 0.417724609375, 0.42236328125, 0.427001953125, 0.431640625, 0.436279296875, 0.44091796875, 0.44580078125, 0.450439453125, 0.455078125, 0.459716796875, 0.46435546875, 0.468994140625, 0.4736328125, 0.478515625, 0.483154296875, 0.48779296875, 0.492431640625, 0.4970703125, 0.501953125, 0.50634765625, 0.51123046875, 0.515625, 0.5205078125, 0.52490234375, 0.52978515625, 0.53466796875, 0.5390625, 0.5439453125, 0.54833984375, 0.55322265625, 0.5576171875, 0.5625, 0.5673828125, 0.57177734375, 0.57666015625, 0.5810546875, 0.5859375, 0.59033203125, 0.59521484375, 0.60009765625, 0.6044921875, 0.609375, 0.61376953125, 0.61865234375, 0.623046875, 0.6279296875, 0.6328125, 0.63720703125, 0.64208984375, 0.646484375, 0.6513671875, 0.65576171875, 0.66064453125, 0.66552734375, 0.669921875, 0.6748046875, 0.67919921875, 0.68408203125, 0.6884765625, 0.693359375]}, "global_step": 0, "_wandb": {"runtime": 15}}