{"_runtime": 44, "_timestamp": 1633206069, "_step": 6, "val_logits": {"_type": "histogram", "values": [1741, 96, 43, 24, 17, 10, 8, 5, 6, 4, 1, 3, 0, 4, 5, 2, 3, 0, 2, 1, 0, 0, 0, 0, 1, 1, 1, 0, 0, 0, 0, 0, 0, 1, 1, 0, 0, 0, 0, 2, 0, 0, 0, 0, 0, 0, 0, 0, 0, 0, 0, 0, 0, 0, 0, 0, 0, 0, 0, 0, 0, 0, 0, 1], "bins": [0.0, 0.0005764961242675781, 0.0011529922485351562, 0.0017299652099609375, 0.0023059844970703125, 0.0028820037841796875, 0.003459930419921875, 0.00403594970703125, 0.004611968994140625, 0.00518798828125, 0.005764007568359375, 0.00634002685546875, 0.00691986083984375, 0.007495880126953125, 0.0080718994140625, 0.00864410400390625, 0.00922393798828125, 0.00980377197265625, 0.0103759765625, 0.010955810546875, 0.01152801513671875, 0.01210784912109375, 0.0126800537109375, 0.0132598876953125, 0.0138397216796875, 0.01441192626953125, 0.01499176025390625, 0.01556396484375, 0.016143798828125, 0.0167236328125, 0.0172882080078125, 0.0178680419921875, 0.0184478759765625, 0.0190277099609375, 0.0196075439453125, 0.020172119140625, 0.020751953125, 0.021331787109375, 0.02191162109375, 0.0224761962890625, 0.0230560302734375, 0.0236358642578125, 0.0242156982421875, 0.0247955322265625, 0.025360107421875, 0.02593994140625, 0.026519775390625, 0.027099609375, 0.027679443359375, 0.0282440185546875, 0.0288238525390625, 0.0294036865234375, 0.0299835205078125, 0.030548095703125, 0.0311279296875, 0.031707763671875, 0.03228759765625, 0.032867431640625, 0.033447265625, 0.034027099609375, 0.034576416015625, 0.03515625, 0.035736083984375, 0.03631591796875, 0.036895751953125]}, "global_step": 61, "train_loss_step": 0.6701698303222656, "epoch": 0, "trainer/global_step": 61, "train_loss_epoch": 0.6726862788200378, "val_bce_loss": 4.18499755859375, "val_mse_loss": 53.20294189453125, "best_bce_loss": 2.2973456382751465, "best_mse_loss": 50.11708450317383}