{"_runtime": 12, "_timestamp": 1633750966, "_step": 1, "val_logits": {"_type": "histogram", "values": [1, 0, 0, 0, 0, 0, 0, 0, 0, 0, 1, 0, 0, 0, 0, 0, 0, 0, 0, 0, 0, 0, 0, 0, 1, 0, 0, 0, 0, 0, 0, 0, 0, 0, 0, 1, 0, 0, 0, 0, 0, 0, 0, 0, 2, 0, 0, 0, 0, 0, 0, 0, 0, 0, 0, 0, 0, 0, 1, 0, 0, 0, 0, 1], "bins": [0.47705078125, 0.477783203125, 0.478271484375, 0.47900390625, 0.4794921875, 0.480224609375, 0.480712890625, 0.4814453125, 0.48193359375, 0.482666015625, 0.4833984375, 0.48388671875, 0.484619140625, 0.485107421875, 0.48583984375, 0.486328125, 0.487060546875, 0.48779296875, 0.48828125, 0.489013671875, 0.489501953125, 0.490234375, 0.49072265625, 0.491455078125, 0.4921875, 0.49267578125, 0.493408203125, 0.493896484375, 0.49462890625, 0.4951171875, 0.495849609375, 0.496337890625, 0.4970703125, 0.497802734375, 0.498291015625, 0.4990234375, 0.49951171875, 0.5, 0.5009765625, 0.50146484375, 0.501953125, 0.5029296875, 0.50341796875, 0.50390625, 0.50439453125, 0.50537109375, 0.505859375, 0.50634765625, 0.5068359375, 0.5078125, 0.50830078125, 0.5087890625, 0.509765625, 0.51025390625, 0.5107421875, 0.51123046875, 0.51220703125, 0.5126953125, 0.51318359375, 0.51416015625, 0.5146484375, 0.51513671875, 0.515625, 0.5166015625, 0.51708984375]}, "global_step": 0}