{"_runtime": 8, "_timestamp": 1633206021, "_step": 1, "val_logits": {"_type": "histogram", "values": [1, 0, 0, 0, 1, 0, 0, 0, 0, 0, 0, 0, 0, 0, 0, 0, 0, 1, 0, 0, 1, 0, 0, 1, 1, 1, 0, 2, 0, 0, 1, 0, 0, 1, 0, 1, 0, 1, 3, 0, 2, 2, 2, 3, 5, 2, 3, 2, 5, 3, 3, 6, 9, 16, 15, 9, 9, 8, 11, 21, 22, 29, 32, 21], "bins": [0.4755859375, 0.48388671875, 0.491943359375, 0.5, 0.50830078125, 0.5166015625, 0.5244140625, 0.53271484375, 0.541015625, 0.54931640625, 0.5576171875, 0.5654296875, 0.57373046875, 0.58203125, 0.58984375, 0.59814453125, 0.6064453125, 0.61474609375, 0.623046875, 0.630859375, 0.63916015625, 0.6474609375, 0.6552734375, 0.66357421875, 0.671875, 0.68017578125, 0.6884765625, 0.6962890625, 0.70458984375, 0.712890625, 0.720703125, 0.72900390625, 0.7373046875, 0.74560546875, 0.75390625, 0.76171875, 0.77001953125, 0.7783203125, 0.7861328125, 0.79443359375, 0.802734375, 0.81103515625, 0.8193359375, 0.8271484375, 0.83544921875, 0.84375, 0.8515625, 0.85986328125, 0.8681640625, 0.87646484375, 0.884765625, 0.892578125, 0.90087890625, 0.9091796875, 0.9169921875, 0.92529296875, 0.93359375, 0.94189453125, 0.9501953125, 0.9580078125, 0.96630859375, 0.974609375, 0.982421875, 0.99072265625, 0.9990234375]}, "global_step": 0, "best_bce_loss": 1.8436917066574097, "best_mse_loss": 44.93787384033203}