{"_runtime": 7, "_timestamp": 1633674422, "_step": 1, "val_logits": {"_type": "histogram", "values": [1, 0, 0, 1, 0, 0, 1, 0, 0, 0, 0, 0, 0, 2, 0, 1, 0, 0, 0, 0, 0, 0, 1, 0, 0, 0, 0, 1, 0, 0, 2, 0, 1, 0, 0, 0, 2, 0, 0, 1, 0, 0, 0, 0, 0, 0, 0, 0, 0, 0, 0, 1, 0, 0, 0, 0, 0, 0, 0, 0, 0, 0, 0, 1], "bins": [0.31689453125, 0.32373046875, 0.33056640625, 0.33740234375, 0.34423828125, 0.35107421875, 0.357666015625, 0.364501953125, 0.371337890625, 0.378173828125, 0.385009765625, 0.391845703125, 0.398681640625, 0.405517578125, 0.412353515625, 0.419189453125, 0.42578125, 0.4326171875, 0.439453125, 0.4462890625, 0.453125, 0.4599609375, 0.466796875, 0.4736328125, 0.48046875, 0.4873046875, 0.494140625, 0.5009765625, 0.5078125, 0.5146484375, 0.521484375, 0.5283203125, 0.53515625, 0.54150390625, 0.54833984375, 0.55517578125, 0.56201171875, 0.56884765625, 0.57568359375, 0.58251953125, 0.58935546875, 0.59619140625, 0.60302734375, 0.60986328125, 0.61669921875, 0.62353515625, 0.63037109375, 0.63720703125, 0.64404296875, 0.65087890625, 0.65771484375, 0.66455078125, 0.67138671875, 0.67822265625, 0.6845703125, 0.69140625, 0.6982421875, 0.705078125, 0.7119140625, 0.71875, 0.7255859375, 0.732421875, 0.7392578125, 0.74609375, 0.7529296875]}, "global_step": 0, "_wandb": {"runtime": 11}}