{"_runtime": 10, "_timestamp": 1633362600, "_step": 1, "val_logits": {"_type": "histogram", "values": [1, 1, 0, 0, 0, 0, 0, 0, 1, 1, 0, 0, 1, 3, 0, 3, 0, 4, 1, 1, 1, 3, 3, 1, 4, 3, 3, 3, 3, 6, 0, 2, 1, 0, 1, 1, 3, 0, 0, 1, 1, 2, 1, 1, 1, 0, 0, 0, 1, 0, 0, 0, 0, 0, 0, 0, 0, 0, 0, 0, 0, 0, 0, 1], "bins": [0.278564453125, 0.28515625, 0.2919921875, 0.298583984375, 0.305419921875, 0.31201171875, 0.318603515625, 0.325439453125, 0.33203125, 0.3388671875, 0.345458984375, 0.35205078125, 0.35888671875, 0.365478515625, 0.3720703125, 0.37890625, 0.385498046875, 0.392333984375, 0.39892578125, 0.405517578125, 0.412353515625, 0.4189453125, 0.42578125, 0.432373046875, 0.43896484375, 0.44580078125, 0.452392578125, 0.459228515625, 0.4658203125, 0.472412109375, 0.479248046875, 0.48583984375, 0.49267578125, 0.499267578125, 0.505859375, 0.5126953125, 0.51953125, 0.52587890625, 0.53271484375, 0.53955078125, 0.5458984375, 0.552734375, 0.5595703125, 0.56591796875, 0.57275390625, 0.57958984375, 0.5859375, 0.5927734375, 0.599609375, 0.6064453125, 0.61279296875, 0.61962890625, 0.62646484375, 0.6328125, 0.6396484375, 0.646484375, 0.65283203125, 0.65966796875, 0.66650390625, 0.67333984375, 0.6796875, 0.6865234375, 0.693359375, 0.69970703125, 0.70654296875]}, "global_step": 0, "_wandb": {"runtime": 11}}