{"_runtime": 10, "_timestamp": 1633737592, "_step": 1, "val_logits": {"_type": "histogram", "values": [1, 0, 0, 0, 0, 0, 0, 0, 0, 1, 0, 1, 0, 0, 1, 3, 0, 0, 1, 0, 2, 1, 2, 0, 1, 1, 0, 2, 1, 0, 5, 1, 0, 1, 1, 2, 0, 2, 3, 2, 2, 2, 0, 1, 3, 1, 4, 3, 1, 0, 1, 2, 1, 0, 1, 1, 1, 1, 1, 0, 2, 0, 0, 1], "bins": [0.355224609375, 0.36328125, 0.371337890625, 0.379638671875, 0.3876953125, 0.395751953125, 0.40380859375, 0.412109375, 0.420166015625, 0.42822265625, 0.436279296875, 0.444580078125, 0.45263671875, 0.460693359375, 0.46875, 0.47705078125, 0.485107421875, 0.4931640625, 0.50146484375, 0.50927734375, 0.517578125, 0.525390625, 0.53369140625, 0.5419921875, 0.5498046875, 0.55810546875, 0.56640625, 0.57421875, 0.58251953125, 0.59033203125, 0.5986328125, 0.60693359375, 0.61474609375, 0.623046875, 0.630859375, 0.63916015625, 0.6474609375, 0.6552734375, 0.66357421875, 0.671875, 0.6796875, 0.68798828125, 0.69580078125, 0.7041015625, 0.71240234375, 0.72021484375, 0.728515625, 0.73681640625, 0.74462890625, 0.7529296875, 0.7607421875, 0.76904296875, 0.77734375, 0.78515625, 0.79345703125, 0.80126953125, 0.8095703125, 0.81787109375, 0.82568359375, 0.833984375, 0.84228515625, 0.85009765625, 0.8583984375, 0.8662109375, 0.87451171875]}, "global_step": 0, "_wandb": {"runtime": 14}}